threshold,macro_f1,micro_f1,weighted_f1
0.5,0.5966708748866284,0.6072170791611562,0.6194894642010429
tuned,0.6314453281016627,0.6475067550970277,0.6502442480944225
